Zeitstempel,Bilderupload,Anzahl der Kühlschranknutzer:innen,Geschlecht,Alter,Ernährungsform,Datenverarbeitung,Wie hast du von der Umfrage erfahren?
22.10.2025 16:08:14,https://drive.google.com/open?id=1wwLb2ne3yYCrdcwvAbMumHNFTQipOlcN,1,weiblich,18 - 25,vegetarisch,"Ich bin damit einverstanden, dass meine hochgeladenen Fotos und Angaben für oben genannte Zwecke verwendet werden.",
22.10.2025 16:41:36,"https://drive.google.com/open?id=1_eRyTtGsmB-S2RrXS3riIgJFvPAvKxJk, https://drive.google.com/open?id=1ezvPWnw0xytWmQ0YaMae_gQ86IVY1PwO",1,männlich,18 - 25,vegetarisch,"Ich bin damit einverstanden, dass meine hochgeladenen Fotos und Angaben für oben genannte Zwecke verwendet werden.",
23.10.2025 10:54:09,"https://drive.google.com/open?id=194TzSr33sOTec4Vtu6ggO3m1YqyqCuxE, https://drive.google.com/open?id=1AkeFQHnZ5tymB01y51DGH3e6FEH28tdS",2,männlich,18 - 25,vegetarisch,"Ich bin damit einverstanden, dass meine hochgeladenen Fotos und Angaben für oben genannte Zwecke verwendet werden.",
28.10.2025 12:20:34,"https://drive.google.com/open?id=1u-ERo7hGnJnLuxVuNR70S2hLVV5sB-Y3, https://drive.google.com/open?id=1e9nGC0ksEg24ayzFgMZtxOCgiAbbO8Ig, https://drive.google.com/open?id=1P079sVjuLQmyzHxruEnmpjRrqciOl8N2, https://drive.google.com/open?id=1nBTJSkZmdysJi5LAPpjIYhMY2WWs63nS, https://drive.google.com/open?id=1Yrg9LRX3R0bnnYuTBkvElEtn8sdpc4xc, https://drive.google.com/open?id=1RY8Auyf5XbLzCQXqozTNHap_SOcpvCPw, https://drive.google.com/open?id=1XsAPiZbjjsAXvHXQ66V2BpVw9zrvW3xe, https://drive.google.com/open?id=1iJcqisW3aOzP9Pzk4b7_3yJ_kLXGGMHu",2,männlich,35 - 60,keine Einschränkungen,"Ich bin damit einverstanden, dass meine hochgeladenen Fotos und Angaben für oben genannte Zwecke verwendet werden.",
03.11.2025 18:40:09,"https://drive.google.com/open?id=1nDDqNHHdd3nZWkmDGqYmTZE-iAahBw54, https://drive.google.com/open?id=1MygljlYVjEelJDx_2NASoF0Q8thPSDof, https://drive.google.com/open?id=13lnrXx82fqYp1FKIBAhdj-_t5W9Wmg7Q, https://drive.google.com/open?id=1u-HyMMU7nkLY7-KggsQUHJLtKGGAs9zl",2,"männlich, weiblich",18 - 25,"keine Einschränkungen, vegetarisch","Ich bin damit einverstanden, dass meine hochgeladenen Fotos und Angaben für oben genannte Zwecke verwendet werden.",
12.11.2025 14:23:45,"https://drive.google.com/open?id=1QTjtrvKU0lSjBsUQ7eC6DcznCNY5qzUL, https://drive.google.com/open?id=1KF1UEUYgTFZ2KViXb7WKY50eH0bI6GKj",1,weiblich,18 - 25,vegetarisch,"Ich bin damit einverstanden, dass meine hochgeladenen Fotos und Angaben für oben genannte Zwecke verwendet werden.",
12.11.2025 14:24:20,"https://drive.google.com/open?id=1sWWuDpoJMfLEyIQZM-8vi3vQU_Y-iRfS, https://drive.google.com/open?id=1X5MK8FK9Y_dCNkflRMbV4OC8kSCnz_5T, https://drive.google.com/open?id=1i1SrmJqQxJQpq4RGXO-6W-yjuNFccXmF, https://drive.google.com/open?id=1mzdqsR-ceCbfi_d-nOWvwNf4GiTt-7jU",2,"männlich, weiblich",18 - 25,"keine Einschränkungen, vegetarisch","Ich bin damit einverstanden, dass meine hochgeladenen Fotos und Angaben für oben genannte Zwecke verwendet werden.",
12.11.2025 14:38:50,"https://drive.google.com/open?id=1CI2eWtDseVYyBdhGdZfG_eBC_7wzTX_U, https://drive.google.com/open?id=12sBkzdOczwB3QmyI2ACa8hVP2ysIebOs, https://drive.google.com/open?id=1AjBQ1V5-_IPqaj4hZFnjCZlBWST1FLsD",1,männlich,18 - 25,keine Einschränkungen,"Ich bin damit einverstanden, dass meine hochgeladenen Fotos und Angaben für oben genannte Zwecke verwendet werden.",
12.11.2025 14:57:47,"https://drive.google.com/open?id=1qJXJImYW1vi364gSYJR3wWCGxayKjbtj, https://drive.google.com/open?id=162Ymoe0-iRKPG99ybpmXGWpSJYsYjjK1",6 +,"männlich, weiblich","18 - 25, 25 - 35, 35 - 60",keine Einschränkungen,"Ich bin damit einverstanden, dass meine hochgeladenen Fotos und Angaben für oben genannte Zwecke verwendet werden.",
12.11.2025 14:59:43,https://drive.google.com/open?id=13erGc6HEcsQkD9KsBiJSaXEWDVIntGIV,5,"männlich, weiblich","18 - 25, 25 - 35",keine Einschränkungen,"Ich bin damit einverstanden, dass meine hochgeladenen Fotos und Angaben für oben genannte Zwecke verwendet werden.",
12.11.2025 16:25:17,"https://drive.google.com/open?id=1HnH4CvrYSFrvWdkymKWyT016Zxl7quNv, https://drive.google.com/open?id=1W0vBZZSp5e_PJkg1R0unAlie7cpG8WQc",2,"männlich, weiblich",18 - 25,"keine Einschränkungen, vegetarisch","Ich bin damit einverstanden, dass meine hochgeladenen Fotos und Angaben für oben genannte Zwecke verwendet werden.",
12.11.2025 16:47:44,"https://drive.google.com/open?id=1HJMHhtMH1jfS8jrokuj5YsmfxNkLOSm_, https://drive.google.com/open?id=1V3zpbFoQnhid3UaQE5GwqHFGyhgtY677, https://drive.google.com/open?id=1jNY1mGkW2tBBtGlBKw68lBAnrca7P2bD, https://drive.google.com/open?id=1XtnaDB9r4uLCtDY7v1ASPJlRtAyWv-eg, https://drive.google.com/open?id=1UkfPUqFM2HltVJbFrco0qe8ao7jjYbBM",3,"männlich, weiblich",35 - 60,"keine Einschränkungen, laktosefrei","Ich bin damit einverstanden, dass meine hochgeladenen Fotos und Angaben für oben genannte Zwecke verwendet werden.",
12.11.2025 18:25:58,https://drive.google.com/open?id=1NbDxusGnOtsx5IHbWcv7yAInIJ4T6HoW,3,weiblich,18 - 25,glutenfrei,"Ich bin damit einverstanden, dass meine hochgeladenen Fotos und Angaben für oben genannte Zwecke verwendet werden.",
12.11.2025 18:26:54,"https://drive.google.com/open?id=1SkWCN-fowwU0T8ZX7b3A70tHtaSlaAzb, https://drive.google.com/open?id=14kPjkEH1sDv3SUBjlyljK-hfnwsbEVr7",2,"männlich, weiblich",35 - 60,keine Einschränkungen,"Ich bin damit einverstanden, dass meine hochgeladenen Fotos und Angaben für oben genannte Zwecke verwendet werden.",
12.11.2025 19:46:10,https://drive.google.com/open?id=1QGVcmPn13Y4h-e9nq9fZb4kVfyJStYty,1,männlich,18 - 25,keine Einschränkungen,"Ich bin damit einverstanden, dass meine hochgeladenen Fotos und Angaben für oben genannte Zwecke verwendet werden.",
12.11.2025 20:16:50,"https://drive.google.com/open?id=13ZlrjB_QWyc1Jn5IIp_I3faPkvU6AqBd, https://drive.google.com/open?id=1s70oIbNuyyaam08oriRiRRmsNlzd44Jm, https://drive.google.com/open?id=122cyE6S7LpXVyzTBGSFCSAKcU9LywI8W",2,männlich,über 60,keine Einschränkungen,"Ich bin damit einverstanden, dass meine hochgeladenen Fotos und Angaben für oben genannte Zwecke verwendet werden.",
13.11.2025 15:42:06,"https://drive.google.com/open?id=1VE1hwZs3PaRBy0OI1LjffdTgS-31mPLF, https://drive.google.com/open?id=1v3SDiAU6eyJLHFAx-piJTdIgvysryGtg, https://drive.google.com/open?id=1-hLOiE-1SMHdQz4odGp2C89L6sAsfim_, https://drive.google.com/open?id=1cTsVLLEJOzz5KOJkNJA4JS2U8glOXKdE",3,weiblich,35 - 60,keine Einschränkungen,"Ich bin damit einverstanden, dass meine hochgeladenen Fotos und Angaben für oben genannte Zwecke verwendet werden.",
13.11.2025 17:02:02,"https://drive.google.com/open?id=1V_Fs5I6O-6_R86F59AMYXO20OUjs8JAw, https://drive.google.com/open?id=1BbvNhVplByJe_7st0fd14r_QZ1iHNNLV, https://drive.google.com/open?id=1sto9GEWaCeRj9ul5JGrmjZk-Bviubioj",1,weiblich,18 - 25,vegetarisch,"Ich bin damit einverstanden, dass meine hochgeladenen Fotos und Angaben für oben genannte Zwecke verwendet werden.",
13.11.2025 17:32:22,"https://drive.google.com/open?id=1BO4B6wNLKgwJNAbc6Qt-aCqg-yYNte0W, https://drive.google.com/open?id=1mUjO40ZicqXx8s4TVeU3e7EVlVH7anrA, https://drive.google.com/open?id=1Q7Em9ZpQdoA3Ejr8VVor6BsE9rXa-Pm0, https://drive.google.com/open?id=1jn_B9KYOqTUvrhCScyFvsL0sHvZeclgg, https://drive.google.com/open?id=1nkyhqAHU5nXqWKuNYm_h1qLdpHvchjKW",2,"männlich, weiblich","18 - 25, 25 - 35",keine Einschränkungen,"Ich bin damit einverstanden, dass meine hochgeladenen Fotos und Angaben für oben genannte Zwecke verwendet werden.",
15.11.2025 16:38:19,https://drive.google.com/open?id=1GV47oQ4tNqDBvEEjE2L8mLkILnMJ5-Dt,2,"männlich, weiblich",18 - 25,vegetarisch,"Ich bin damit einverstanden, dass meine hochgeladenen Fotos und Angaben für oben genannte Zwecke verwendet werden.",
15.11.2025 17:02:04,"https://drive.google.com/open?id=1q9tht4psbCB8hUJcjs-CE2JXsFEXM5ei, https://drive.google.com/open?id=1fbZuQWkD04Hwajt-okTc2QJj-8Wqf-2E, https://drive.google.com/open?id=1UmnzkQvKG0Zzat3rejl0fGxxSILVjzr7, https://drive.google.com/open?id=19SvVvDFVyPsbcQzAH01g4FhC1GiQNCMy, https://drive.google.com/open?id=1lhBqew2MGqkxP_pW89qkL_e8Iq-wwfoU",1,weiblich,18 - 25,vegetarisch,"Ich bin damit einverstanden, dass meine hochgeladenen Fotos und Angaben für oben genannte Zwecke verwendet werden.",
15.11.2025 17:34:03,"https://drive.google.com/open?id=1QjCXGlsdOOkL019rXWEFomxQpvxi4kvP, https://drive.google.com/open?id=1bLuPjIrrZnY1QwUuCoU0fGfVa5GJX6Oa, https://drive.google.com/open?id=1WVUvvTOCS-BymgoIFWW3bf27dD0CmvOT",3,weiblich,35 - 60,keine Einschränkungen,"Ich bin damit einverstanden, dass meine hochgeladenen Fotos und Angaben für oben genannte Zwecke verwendet werden.",
15.11.2025 17:46:17,"https://drive.google.com/open?id=1XbtWSoygl-t3RBsWBlAp6n8Uhv-r3K5c, https://drive.google.com/open?id=1SbHXN5oyOAyZKmLf2pfBCSgPG3lOitdr, https://drive.google.com/open?id=13INhbNMnaVVSIsnF-AiPA_bAW5lPFPov",1,weiblich,über 60,keine Einschränkungen,"Ich bin damit einverstanden, dass meine hochgeladenen Fotos und Angaben für oben genannte Zwecke verwendet werden.",
15.11.2025 18:11:56,"https://drive.google.com/open?id=1o1VO9zga5yN5q2r1DRJh-u4uYIJxd4wR, https://drive.google.com/open?id=1WRjClFgExUUp3gkg1bJlmxt-J16uEpz3, https://drive.google.com/open?id=17Iivh6Z9ODTRiZbT7vvWo8QYfp8nbGsN, https://drive.google.com/open?id=1I_DIEtreFcr04BKqDyQwWIbQLb_nAOM1",4,weiblich,35 - 60,"keine Einschränkungen, vegetarisch, laktosefrei","Ich bin damit einverstanden, dass meine hochgeladenen Fotos und Angaben für oben genannte Zwecke verwendet werden.",
15.11.2025 19:04:45,"https://drive.google.com/open?id=1PmQeHvaQvAdMqa25RkK8dN8ovfIShavI, https://drive.google.com/open?id=1worRxq2XIkmOS4IBiPwNCYLdGmrJiFtp, https://drive.google.com/open?id=1kf1GQ9K8arWpgtwJQp-Kma8Fr1saMegv, https://drive.google.com/open?id=10ndMBEtzyvM9Xp7vGGbYZftQNIFTVjhl, https://drive.google.com/open?id=1TmnZ3UALoZBoG_EwrszTxFMSCRlphe3l, https://drive.google.com/open?id=1Vg_Qc_9ZksxGVymxorCat6WvRwARjQ-S, https://drive.google.com/open?id=1F9o3eNLTPBlihRU4xcuraQLF3jdTLgAp, https://drive.google.com/open?id=18YRgQzbnr5Fom4Jrz1XsRMRkJNKR1QB4, https://drive.google.com/open?id=1KjODXwZAVbLYcTLHnxbUB-sDyo9R0ydA",2,männlich,35 - 60,keine Einschränkungen,"Ich bin damit einverstanden, dass meine hochgeladenen Fotos und Angaben für oben genannte Zwecke verwendet werden.",
15.11.2025 20:27:37,https://drive.google.com/open?id=1WNAq5VJC1PFpPHUoVp6yueERSPWl9tYG,1,männlich,18 - 25,vegetarisch,"Ich bin damit einverstanden, dass meine hochgeladenen Fotos und Angaben für oben genannte Zwecke verwendet werden.",
15.11.2025 23:34:42,"https://drive.google.com/open?id=1DR6M-X8OChv66m54vwwU5AHhUZfaWFfX, https://drive.google.com/open?id=1QHINLL6oSdAcrFu0he5JQo8S4mDaRnf4, https://drive.google.com/open?id=1RLpO3Cta5UjBn6NQhP32A1hMyVAWDrMx",1,divers,über 60,glutenfrei,"Ich bin damit einverstanden, dass meine hochgeladenen Fotos und Angaben für oben genannte Zwecke verwendet werden.",
16.11.2025 13:25:43,"https://drive.google.com/open?id=14T6rMTEukxoAY9buinZs3txjMICwEtYL, https://drive.google.com/open?id=1rNtwveoldAL0U8IlwOyqY0YLoL1XXIEP, https://drive.google.com/open?id=1D3oGpqCSwgF_EiFmGaj3VMNYW5PrbYx7, https://drive.google.com/open?id=1LWSSu57qWzWIn4-SxPWg65XUygX5NoKQ",2,"männlich, weiblich",35 - 60,keine Einschränkungen,"Ich bin damit einverstanden, dass meine hochgeladenen Fotos und Angaben für oben genannte Zwecke verwendet werden.",
16.11.2025 13:54:09,"https://drive.google.com/open?id=1WymQeit6zGIDsc9GdrAg96RekIgyDAre, https://drive.google.com/open?id=1wR6vMiDoE2yY-4FWYIUPINq2O1Yr5h7s, https://drive.google.com/open?id=1Yq49PpezN5IDdUYHjYtq5QXqznl2Ou7i, https://drive.google.com/open?id=1_62rpfBGfi5o4z82jyOqvlIi4Ods_YM5",1,weiblich,35 - 60,keine Einschränkungen,"Ich bin damit einverstanden, dass meine hochgeladenen Fotos und Angaben für oben genannte Zwecke verwendet werden.",
16.11.2025 18:07:32,"https://drive.google.com/open?id=1CnsXzZKEjm88CVA-LXll0xuGzaDVlMVa, https://drive.google.com/open?id=14cA8-QW9EMoogRGXzEtwdi88wguk4KFd, https://drive.google.com/open?id=1JwLPsodgu6MzB8acpuZwcyt-SFppZQSt, https://drive.google.com/open?id=1t4WTZizdxXovifj8lJbS6CfrEdD0uYG7",2,weiblich,18 - 25,vegan,"Ich bin damit einverstanden, dass meine hochgeladenen Fotos und Angaben für oben genannte Zwecke verwendet werden.",
17.11.2025 07:45:21,"https://drive.google.com/open?id=14_oxQII0ADQro4PuG7_8nV8f21rTufTU, https://drive.google.com/open?id=1oFzNCBaT8_iC3rsXHrX00UMZq7_uUNan, https://drive.google.com/open?id=1wujR7aUclA6pxkKFyIZLC07YfjNpsB16, https://drive.google.com/open?id=1HvK3UqJGZkrvVUYkrAADqtJUhYxyGGCz, https://drive.google.com/open?id=1nG-ful8arBopphYKbnzDY5RcPyFJgznn, https://drive.google.com/open?id=15M8oSEfJ2HcIDulYAq6VZ_QNdg1nwU54, https://drive.google.com/open?id=16JYyDnxt8Hj42hI07Xg2ubCCaDID_gF0",3,weiblich,35 - 60,"keine Einschränkungen, vegetarisch","Ich bin damit einverstanden, dass meine hochgeladenen Fotos und Angaben für oben genannte Zwecke verwendet werden.",
17.11.2025 07:46:16,"https://drive.google.com/open?id=1iZawAeYp_YqcHppP1i1vImdL5U7p-Jr0, https://drive.google.com/open?id=1rCn4N1JKYQJxGTZmMDp8FkOVTAPrdouL, https://drive.google.com/open?id=1qo6uqeA5BKeEZ-otdRUHwulj9u931c8B, https://drive.google.com/open?id=13RzKox2d8UUVzfy3f9pk6QnlrxfEaVlS",2,weiblich,über 60,keine Einschränkungen,"Ich bin damit einverstanden, dass meine hochgeladenen Fotos und Angaben für oben genannte Zwecke verwendet werden.",
17.11.2025 12:38:58,"https://drive.google.com/open?id=1kCaLmI9O4feHRjQzo5YisXXpMTrz3qbn, https://drive.google.com/open?id=1JA992MJwmMy242Jw6-ZRA2_i-wsJbEZO, https://drive.google.com/open?id=1wIplaEk-qMYNt1iVdAbC68eploqiiurV",2,weiblich,35 - 60,keine Einschränkungen,"Ich bin damit einverstanden, dass meine hochgeladenen Fotos und Angaben für oben genannte Zwecke verwendet werden.",
17.11.2025 15:41:48,"https://drive.google.com/open?id=1gzIYlPH0Jy0l691Emm3wmNuARuIAGKkd, https://drive.google.com/open?id=1elhF-JPFfYIio-rHTG8INQz05lGXB96o",2,männlich,18 - 25,vegetarisch,"Ich bin damit einverstanden, dass meine hochgeladenen Fotos und Angaben für oben genannte Zwecke verwendet werden.",
17.11.2025 17:31:24,"https://drive.google.com/open?id=1LThKIfTBw6LcK5BVpWSGbwdZqkjkefxw, https://drive.google.com/open?id=1NMz4GJ8xwio5MtzL4whsuIvXBewq19oF, https://drive.google.com/open?id=1mG6ttxBmeVYKxUJXXtYjEPF8Qp3LxnLU",1,weiblich,über 60,keine Einschränkungen,"Ich bin damit einverstanden, dass meine hochgeladenen Fotos und Angaben für oben genannte Zwecke verwendet werden.",
17.11.2025 18:02:53,"https://drive.google.com/open?id=1cWPaepF_pAHt74Q8cDqWlwaukeqF1FPP, https://drive.google.com/open?id=17vPcavqkwMXqQGwPbBNLan6YKkVfF50e, https://drive.google.com/open?id=10zBPum1bYznDftbh_OHW-o6wSrIukumZ, https://drive.google.com/open?id=13FBuHoQepkpHnYIY56wmjNCHo6U7wWyh, https://drive.google.com/open?id=1IaUbor5vdb0P_4OYOGzrJGo2EQjrJtsS, https://drive.google.com/open?id=1_Ho8E2ikVO9egkJ1rv_NJZJAAlWUnX9K",5,weiblich,35 - 60,"keine Einschränkungen, halal","Ich bin damit einverstanden, dass meine hochgeladenen Fotos und Angaben für oben genannte Zwecke verwendet werden.",
18.11.2025 08:42:44,"https://drive.google.com/open?id=1lNZMxPXmJvzZXXVUcy7YJXJL4nyE3DE8, https://drive.google.com/open?id=1idX62CIEWbCT6h_a5ks47WF-aAW0eiEQ, https://drive.google.com/open?id=1J_SZgR7JOGkfH1rg1V4wLrcHWCFdOQ3u, https://drive.google.com/open?id=1KvkrnS1EpNYzCBBk8uy_hCsspGaXP6l9, https://drive.google.com/open?id=1uXxXiJXSGG4eDloWWmFwDDfRaKaCQDyd, https://drive.google.com/open?id=16CtqLk7sQnFVHAuPZw9xwnrqWb8Nls59, https://drive.google.com/open?id=17ckwIi7LVgxuxSbM8TmwcU0VjHp6iLtH",3,weiblich,35 - 60,"keine Einschränkungen, vegetarisch","Ich bin damit einverstanden, dass meine hochgeladenen Fotos und Angaben für oben genannte Zwecke verwendet werden.",
18.11.2025 12:10:04,"https://drive.google.com/open?id=1uMStuLIfvEur3wdiHyfO9OjL3-HUo9fM, https://drive.google.com/open?id=1KEbIIIvCPfvUhtx-w1YEzDHtnjeipDrY, https://drive.google.com/open?id=1qhwzUL_A6hKbjACvkxiUh1NB_9aW-Xk_",1,männlich,18 - 25,vegetarisch,"Ich bin damit einverstanden, dass meine hochgeladenen Fotos und Angaben für oben genannte Zwecke verwendet werden.",
18.11.2025 12:12:44,"https://drive.google.com/open?id=1v8VtnxxzvzMstdQ7WkL7VaEyaX_TlESX, https://drive.google.com/open?id=18i7feVFtN4QNXUdPGDIIatLlSO3JbB_c, https://drive.google.com/open?id=1ydL5H3x2uNrflw0O_PyFpT6Fkaj8PEVm",2,männlich,18 - 25,"keine Einschränkungen, vegetarisch","Ich bin damit einverstanden, dass meine hochgeladenen Fotos und Angaben für oben genannte Zwecke verwendet werden.",
18.11.2025 12:13:48,"https://drive.google.com/open?id=1XQTdJStuJBHUmhT80LgE5iP9iBG16Mp5, https://drive.google.com/open?id=1kHeUE_UXwme3EWhqX4JlrVImxWhc1NaI, https://drive.google.com/open?id=1X69Lg3wLHIXs9cXEFWucEJEzQIYoVOxf, https://drive.google.com/open?id=1L7iPN7n_NDnovVmiTXicVMCJNUiw7S5f, https://drive.google.com/open?id=129ioLy8Erg_cyo0aH4GBgiKeEsto4TSB",2,"männlich, weiblich",18 - 25,"keine Einschränkungen, vegetarisch","Ich bin damit einverstanden, dass meine hochgeladenen Fotos und Angaben für oben genannte Zwecke verwendet werden.",
18.11.2025 14:32:18,"https://drive.google.com/open?id=1VBtgcLbipYRk9wQtbHcBi2FGddfK-YB9, https://drive.google.com/open?id=1VrKUBV60JxWe6yyL0tDcy53R9wsj8XH-",1,weiblich,18 - 25,vegetarisch,"Ich bin damit einverstanden, dass meine hochgeladenen Fotos und Angaben für oben genannte Zwecke verwendet werden.",
18.11.2025 14:35:33,https://drive.google.com/open?id=1UcYzzpoABdTkU8lX28lllDpLYZ-hNVmJ,1,weiblich,18 - 25,vegetarisch,"Ich bin damit einverstanden, dass meine hochgeladenen Fotos und Angaben für oben genannte Zwecke verwendet werden.",
18.11.2025 18:38:07,"https://drive.google.com/open?id=1Pbn6KPvrE9rNpbM3g1CUwnu85pQjPtvt, https://drive.google.com/open?id=1xNhZT5gDzz8rISTtLpDca4MaQyVFF0F0, https://drive.google.com/open?id=1cEGTo6bq3e6HhOyHE9-Q81tleV9gHesF, https://drive.google.com/open?id=19ohS52Whdbzh9SxVzN5pNoXrpZajcmwD, https://drive.google.com/open?id=1s7BbBEc8Uy5llZYTyM0brdLl_eV1cNVF",3,"männlich, weiblich",18 - 25,keine Einschränkungen,"Ich bin damit einverstanden, dass meine hochgeladenen Fotos und Angaben für oben genannte Zwecke verwendet werden.",
19.11.2025 06:23:59,"https://drive.google.com/open?id=1UKV4pM7AtW4XFsZkIeVzaFIlZ8XxLI1p, https://drive.google.com/open?id=1omZSz76QjV5D5Vu5x0RWJpWGF6ICcJoU, https://drive.google.com/open?id=1tZ20u4YCg9Paw_Woa4I2P8NDHQBh-28y, https://drive.google.com/open?id=1p4KhrwNse06lSAi1xxU4vS_HIKbdvzTG, https://drive.google.com/open?id=1bLu34f7cKThvMdLbj6-aKes7XRsRSkGl, https://drive.google.com/open?id=12u3HrSZ3Zc0QfesvhZSX3x4tzPtJaeLz, https://drive.google.com/open?id=1O512rDR6Lc0P9m_zaKxV-6jj2Ii9JdA6",3,weiblich,35 - 60,"keine Einschränkungen, vegetarisch","Ich bin damit einverstanden, dass meine hochgeladenen Fotos und Angaben für oben genannte Zwecke verwendet werden.",
19.11.2025 08:15:49,"https://drive.google.com/open?id=1Q_OwGm2qvt8r8Qzb5wbx1qcS79-1Xci9, https://drive.google.com/open?id=15r0h4ewuwRHfzeXQC1HJrh5zppEXHb2l, https://drive.google.com/open?id=1O-1IYWCQITgRsMfou3W3qVRYUZYTc-Y0, https://drive.google.com/open?id=16P8oV81wNY_w_ZvM4SbBZ6Ncr93k4Noi, https://drive.google.com/open?id=1xWXsGloT6BGd7VJtjmHghClNBMclmbb9, https://drive.google.com/open?id=1C59Y3ruagl30LuAVB6_eraKfAhu_bxmx",2,"männlich, weiblich",über 60,pescetarisch (vegetarisch + Fisch),"Ich bin damit einverstanden, dass meine hochgeladenen Fotos und Angaben für oben genannte Zwecke verwendet werden.",
19.11.2025 15:43:22,"https://drive.google.com/open?id=1w9_cN8axM2gxJRXN-pTt3nlLchg13N7R, https://drive.google.com/open?id=124WlrIxNP8hK9oBDHFt4Q_DA-OQF236J",1,weiblich,über 60,keine Einschränkungen,"Ich bin damit einverstanden, dass meine hochgeladenen Fotos und Angaben für oben genannte Zwecke verwendet werden.",
19.11.2025 16:00:22,"https://drive.google.com/open?id=1phRf8Z8riTwMCPViVqsS5I0lhyGiJ94D, https://drive.google.com/open?id=1yy0w7b4GiJZOXWPvijwJqyxQJ6huTHkz, https://drive.google.com/open?id=1iF7rSw-3w9lLnSjeV5NATbH8PLNFfrMq, https://drive.google.com/open?id=1_-mwU4sOh_IFH6ai73a95cwbt78Yao_f, https://drive.google.com/open?id=1u_wGjfEziTTEFCAArhoIQXOHS7vaHEw1",6 +,divers,"25 - 35, 35 - 60",keine Einschränkungen,"Ich bin damit einverstanden, dass meine hochgeladenen Fotos und Angaben für oben genannte Zwecke verwendet werden.",
19.11.2025 16:05:04,"https://drive.google.com/open?id=1RG-tte9fSqzEMFdSb3DMtjF0zN0_PYg1, https://drive.google.com/open?id=1CMvXE1O4JE6gZ2Lo5PEXuv7lTPGsMyPd, https://drive.google.com/open?id=12avp7Y5lyWU88T0jqQccgsEDE8V9QF2V, https://drive.google.com/open?id=1RUBGooZNwClprdabkAU2Ixle4Cq_xTGo, https://drive.google.com/open?id=1Ikyeb0C3DI28u6R86rU53Fubh2jYN8T6",2,"männlich, weiblich",25 - 35,vegetarisch,"Ich bin damit einverstanden, dass meine hochgeladenen Fotos und Angaben für oben genannte Zwecke verwendet werden.",
19.11.2025 18:00:24,"https://drive.google.com/open?id=1QmHyG_RkfvXlhZlALosKA4t0wX8VhXAm, https://drive.google.com/open?id=1Ya7kFxDHMyiZ-56g1u2ulFYtPRmUEISs",1,männlich,18 - 25,keine Einschränkungen,"Ich bin damit einverstanden, dass meine hochgeladenen Fotos und Angaben für oben genannte Zwecke verwendet werden.",
19.11.2025 18:00:54,"https://drive.google.com/open?id=1FfRAnZvaIa763dd1ns4Yf2QawiI4wpUH, https://drive.google.com/open?id=1tDKxHkiT4xfcbSHoZAJ86Y2FuYkihlLR, https://drive.google.com/open?id=1kATYFX9oTHV_9d-EfQH-jzKLYyBYR1yz",6 +,männlich,"18 - 25, 25 - 35","keine Einschränkungen, vegetarisch, laktosefrei","Ich bin damit einverstanden, dass meine hochgeladenen Fotos und Angaben für oben genannte Zwecke verwendet werden.",
19.11.2025 18:11:48,https://drive.google.com/open?id=1bIO_OSj55n0pllkRZvLtfzYwu7_4kzT6,1,männlich,18 - 25,keine Einschränkungen,"Ich bin damit einverstanden, dass meine hochgeladenen Fotos und Angaben für oben genannte Zwecke verwendet werden.",
19.11.2025 18:36:51,"https://drive.google.com/open?id=1F8pzCeCxklZ2osl0I1Ivgqqa1moTdUxr, https://drive.google.com/open?id=19GYY0Ry0KFKu-phoTJgh2UudofP7sQjS, https://drive.google.com/open?id=1nKzqBbOpnAR_B2TJY_xZCuUD17YVvJg-, https://drive.google.com/open?id=1qhPl6kNk_WkOkptK3RnJwtq-X3M9BCYM",3,männlich,18 - 25,keine Einschränkungen,"Ich bin damit einverstanden, dass meine hochgeladenen Fotos und Angaben für oben genannte Zwecke verwendet werden.",
19.11.2025 18:59:46,"https://drive.google.com/open?id=1A0XbQwefJz9JEpJMKBoj63UCwGnSeQra, https://drive.google.com/open?id=1tFyXPM5BXAQ7cSO6FK3JqefTajpB8bub, https://drive.google.com/open?id=1zwU_SCO-Z5LUNl8EiTp0NajqYKUyN_TG",4,männlich,18 - 25,keine Einschränkungen,"Ich bin damit einverstanden, dass meine hochgeladenen Fotos und Angaben für oben genannte Zwecke verwendet werden.",
19.11.2025 19:33:12,"https://drive.google.com/open?id=15zRLgjAc8Tak5l4zcNEJTNZyvgMri0f-, https://drive.google.com/open?id=1ib9uDSaUXZstENMNx_8puaXD0h3MjeXF, https://drive.google.com/open?id=1y_OyPGQ28Wc-f2vUIuSR8hVG_-YjMrk1, https://drive.google.com/open?id=1t3p0196QfYMq2i2SNQKKtI81BvYsbIAf, https://drive.google.com/open?id=1QTon8y-por5m8WXguCMj0lzSLrHeflRM, https://drive.google.com/open?id=1cKRaipaaU5S6e4vxehDlA4dvkrD4Lb4S, https://drive.google.com/open?id=1YciVBWnjNq1EJD6ROOSHzGm-gVmtUKvc",4,weiblich,35 - 60,keine Einschränkungen,"Ich bin damit einverstanden, dass meine hochgeladenen Fotos und Angaben für oben genannte Zwecke verwendet werden.",
19.11.2025 20:06:04,"https://drive.google.com/open?id=14DSqYiGD-3AVadF_5iLRbLGtQCJmKqLh, https://drive.google.com/open?id=1Cc7HNK1jJjZOSjZJccT6-VB63Fk_umCa, https://drive.google.com/open?id=1rqsOQy0Jmw55LTqdm75L3fdBxno1B7jV, https://drive.google.com/open?id=1moKFofDPKyH2RcEBfIlRaqMIwnDVwIjV, https://drive.google.com/open?id=1GQp-lZrJp9W7f2ddMp95-N4DBTRzPPj2, https://drive.google.com/open?id=1eGhOr7bB6VFZES9jULKFswTPwC44aHK8, https://drive.google.com/open?id=1l0lZVvK3RftxlnFXO0szrgbl5kTZDNgN, https://drive.google.com/open?id=1WcPHqfh_hudwdDUAGHX4DOcB2ZFivAo-, https://drive.google.com/open?id=1e1Q_jsUBmHydFRhJ8kOMU04FdAidKXPL, https://drive.google.com/open?id=1FF8jhp3xYQTuz-Z29tBOHD_gf1UFW4pR",6 +,weiblich,35 - 60,keine Einschränkungen,"Ich bin damit einverstanden, dass meine hochgeladenen Fotos und Angaben für oben genannte Zwecke verwendet werden.",
19.11.2025 21:01:27,https://drive.google.com/open?id=1MAiscNFc_F3N7JxqmnhbrVDlBRqeINlO,1,männlich,25 - 35,keine Einschränkungen,"Ich bin damit einverstanden, dass meine hochgeladenen Fotos und Angaben für oben genannte Zwecke verwendet werden.",
19.11.2025 21:10:44,"https://drive.google.com/open?id=1NgK8VixaQk72ghPghKQvzHK_OTQjm7CS, https://drive.google.com/open?id=1sWJGnBXd-FfEPzAb76cJQX9N_b64tzNA, https://drive.google.com/open?id=13SVyuQTTwg6vRawcDJ6HRD_ir9YozUOs",3,"männlich, weiblich",über 60,keine Einschränkungen,"Ich bin damit einverstanden, dass meine hochgeladenen Fotos und Angaben für oben genannte Zwecke verwendet werden.",
20.11.2025 06:22:06,"https://drive.google.com/open?id=1Uk5gQJbTTIF0ycPkrdCZfQIWlAX38X4P, https://drive.google.com/open?id=12jcR8TAaV07kgp2fRLwxgNv5Ysjxlv3G, https://drive.google.com/open?id=1DUS_DTwHT4SypWz6RQTb0guwdgTewSpw, https://drive.google.com/open?id=1ls2gDnH_WnkO0f_kGm5J7if4cUIJE2Tb, https://drive.google.com/open?id=1gpP5Yj3N1HrW3ugoRKqfK-GkRsK8WXLH, https://drive.google.com/open?id=1XSYa-npCo1AudahHSwomRFlk2L1enMnN, https://drive.google.com/open?id=1WSrRfdsgzd_GtGvIDGTTwWUMllZv8oUF, https://drive.google.com/open?id=1QSXeLrOMnF0YXHKcaj4HRCdjdrA-jjCx",3,weiblich,35 - 60,"keine Einschränkungen, vegetarisch","Ich bin damit einverstanden, dass meine hochgeladenen Fotos und Angaben für oben genannte Zwecke verwendet werden.",
20.11.2025 07:13:07,"https://drive.google.com/open?id=18LvWeQQqOg-od4q6vqxpAThhkUeBYfbO, https://drive.google.com/open?id=1ZGmn80cDWnC20z7M7Yrl8wdIc_HwHvy0, https://drive.google.com/open?id=1JyZTYLJtjF6c4JRFtrxUPtbqWiY-RQzf, https://drive.google.com/open?id=1f-TOQO9Pi_Qng-3jFTRQBGFFQnqCIEyr, https://drive.google.com/open?id=1zmvHiOLRDrMbLc1-QJg9lFdzOXnvUAT5",2,weiblich,18 - 25,keine Einschränkungen,"Ich bin damit einverstanden, dass meine hochgeladenen Fotos und Angaben für oben genannte Zwecke verwendet werden.",
20.11.2025 16:06:55,"https://drive.google.com/open?id=150UBhRAOPMydntL9ZUGp7Mum31PQt2dD, https://drive.google.com/open?id=1vr758nL3U5AAQfRZUErEr4MqpdxlR9nt, https://drive.google.com/open?id=1ze3C7BxLq3_jyBKNa6Kdusd6a18S5bJ8, https://drive.google.com/open?id=1T_-PvEmlfnqa8LRWL8mVsercXpT2NeZr, https://drive.google.com/open?id=1y3tqTjDMXTJk2WPCFV1D4DytnFtzmWZQ, https://drive.google.com/open?id=135vNiqllm5AX-fXCZV29iejxlRP0O6gz",2,männlich,18 - 25,"keine Einschränkungen, vegetarisch","Ich bin damit einverstanden, dass meine hochgeladenen Fotos und Angaben für oben genannte Zwecke verwendet werden.",
20.11.2025 16:08:09,"https://drive.google.com/open?id=1xTe-MlpnfpDlvvbS5VT3jGfg77M16Pt4, https://drive.google.com/open?id=1XFo_I6BlT2k7peU8leyHza56-4i5s7zy, https://drive.google.com/open?id=11LWeilaq0zS1Da0uBG6AmGMyyTEr89Co, https://drive.google.com/open?id=1VJ244HHbbYQDsfc9xaEUWL9NSAd0NnuV, https://drive.google.com/open?id=1Sa3NVwbCPeCOGVPGMKYrNN4gV0uuDCXO, https://drive.google.com/open?id=1P6Pp0p8v7wO3bG1uuKmsx1oZ2GsjwHg4",2,"männlich, weiblich",18 - 25,"keine Einschränkungen, vegetarisch","Ich bin damit einverstanden, dass meine hochgeladenen Fotos und Angaben für oben genannte Zwecke verwendet werden.",
20.11.2025 19:40:28,https://drive.google.com/open?id=1t1tjzEfZqjTFePqpGbbJUFihHh_K2nHt,4,"männlich, weiblich","18 - 25, 35 - 60","keine Einschränkungen, vegetarisch","Ich bin damit einverstanden, dass meine hochgeladenen Fotos und Angaben für oben genannte Zwecke verwendet werden.",
21.11.2025 12:41:45,"https://drive.google.com/open?id=1_t74Q9KnQRy40eoHUg_15sOZcZ0ipeCu, https://drive.google.com/open?id=1NJ4fsTeHRN73ch1lgFK8KazAoaJvS_9P, https://drive.google.com/open?id=1bkEN4mhoZGsmR-9bl2jAqfP83iunlV7N, https://drive.google.com/open?id=1zChMwzsns-gla2-Xah17QFTP47m2YpF_, https://drive.google.com/open?id=15IMeTMVf7YYG9s5UvFICDIv4_PoIgspX",2,männlich,18 - 25,"keine Einschränkungen, vegetarisch","Ich bin damit einverstanden, dass meine hochgeladenen Fotos und Angaben für oben genannte Zwecke verwendet werden.",
21.11.2025 12:45:10,"https://drive.google.com/open?id=14OMb41Ynsfm7RWHfgGNb6o7fuHHC1u0E, https://drive.google.com/open?id=1BSWWnHuZ3RtMJKtUelJsumrrAzYwp8gA, https://drive.google.com/open?id=1ojwGumA2on2Kel85RbpPhTf1F8J7B2KK, https://drive.google.com/open?id=1Wz7S4NxvEmV_UpC8w3nxqQWaey-aDJVp, https://drive.google.com/open?id=1Gx6VUT9SV5yfaWkBaeZc75MF6EgB2X5-",2,"männlich, weiblich",18 - 25,"keine Einschränkungen, vegetarisch","Ich bin damit einverstanden, dass meine hochgeladenen Fotos und Angaben für oben genannte Zwecke verwendet werden.",
21.11.2025 13:51:11,"https://drive.google.com/open?id=1BebfUl5Ni8PQpozQ-kSCggUF1jjRJ7W_, https://drive.google.com/open?id=1CrdfIVse49AvsR08S8UH9qkMBEp_YEbo, https://drive.google.com/open?id=1IcV2pigRAxsx_A2jxSdB_PR1QDJZYzTx, https://drive.google.com/open?id=18cPcwaEvEjNZnGu3eVsvnFCScRaFTLqU, https://drive.google.com/open?id=1ym7bAQBD14ixlym0k2rpZzTrF8F58P4l, https://drive.google.com/open?id=1SmmFMpbx8PCo2S0HT8nlyvJPRwBvP8Fz, https://drive.google.com/open?id=1IAv-l2xrb6-J4KOZsn4rWp8OahVLbHT5, https://drive.google.com/open?id=1RofosRla64YPmoE-TtrrpTdNfexkQBjd",3,weiblich,35 - 60,"keine Einschränkungen, vegetarisch","Ich bin damit einverstanden, dass meine hochgeladenen Fotos und Angaben für oben genannte Zwecke verwendet werden.",
21.11.2025 14:11:27,https://drive.google.com/open?id=1WLNj-8rpgk6MsV7ju4iC14f2a1PkmIav,1,"männlich, weiblich",25 - 35,keine Einschränkungen,"Ich bin damit einverstanden, dass meine hochgeladenen Fotos und Angaben für oben genannte Zwecke verwendet werden.",
21.11.2025 17:07:12,https://drive.google.com/open?id=1CI8Oe3N4s_UqV7E6yV1OovuG3E-B4_C5,4,weiblich,35 - 60,keine Einschränkungen,"Ich bin damit einverstanden, dass meine hochgeladenen Fotos und Angaben für oben genannte Zwecke verwendet werden.",
21.11.2025 17:55:20,"https://drive.google.com/open?id=1Y0_o6SqObCVhGphu7u3FaAyLeayyvSso, https://drive.google.com/open?id=1ZeFtrA7rDMupWdUhYKVd91ocNju5nbGD, https://drive.google.com/open?id=1Dl3Bb2YE71hh-Pcs4lCjuHOYu1KZ1wkM, https://drive.google.com/open?id=1McIsXCLXp5TTFBCJA_0uemVS65uxDeGf, https://drive.google.com/open?id=16n9lFectI5KXkhS55ofBOxFw02VQ0c7Q, https://drive.google.com/open?id=1gu5QCR8JLfREbVkAh7O6lt6Lheq7I8Qj, https://drive.google.com/open?id=18HgWd1txARjzRF1kioFmC3thyKPY6dUZ, https://drive.google.com/open?id=1LCROPFYvHFPjV9T2yE98oGcOt4NVY1qN, https://drive.google.com/open?id=1sWgbgXzGKQjQU-SgtDNq7jLvttCduE6y",1,weiblich,18 - 25,keine Einschränkungen,"Ich bin damit einverstanden, dass meine hochgeladenen Fotos und Angaben für oben genannte Zwecke verwendet werden.",
21.11.2025 19:30:23,"https://drive.google.com/open?id=1eWToEcw4i8mo3ogrSBKmVS17WzsFLsKT, https://drive.google.com/open?id=1iKAU79cm7ttoEpp4TpPRFUXQhGz3uTNR, https://drive.google.com/open?id=17Ei6gCyEd_9UXiuNcJ_Pk28GLFHpgn4T, https://drive.google.com/open?id=1384IPDfW71k-VIY5ThLdo7QyguAig2BK, https://drive.google.com/open?id=1GHrgqjlxYOI6ARI1YPOQiLWfH9-IqmZ8, https://drive.google.com/open?id=1yvexJ6YqlhF6sBVM2GS1pfpnrcP60G46, https://drive.google.com/open?id=1zgKTiIoHal0OT3ZdCnCHI3W_1tQbkQFA, https://drive.google.com/open?id=1ewszRwucxkP7FvLwfcuXYSveetMA8KWN, https://drive.google.com/open?id=10wtrsoDpXG8q-PdEimfAIDf8euSjoMXk, https://drive.google.com/open?id=1w0_0kSiQ-lQlNnLXinMQqmRy-_ZnTFdw",2,"männlich, weiblich","18 - 25, 35 - 60",keine Einschränkungen,"Ich bin damit einverstanden, dass meine hochgeladenen Fotos und Angaben für oben genannte Zwecke verwendet werden.",
22.11.2025 12:26:32,"https://drive.google.com/open?id=1EDdYLodpwrMsXl_TGyaa-vifCP1_9g4J, https://drive.google.com/open?id=1s_6gKmel9n8i5x16yEsr9_qRzUGyS6VH, https://drive.google.com/open?id=1k7XMRgv_X1Mp5TFdlhPEwt3PkihmTeZq, https://drive.google.com/open?id=1mAW7XSVwEktcfmqcSo0LAa-JwpGKUooz, https://drive.google.com/open?id=1BB2iKJBkJxtJsjfd8mftMUio0nJKBxYu",3,weiblich,"18 - 25, 35 - 60",keine Einschränkungen,"Ich bin damit einverstanden, dass meine hochgeladenen Fotos und Angaben für oben genannte Zwecke verwendet werden.",
22.11.2025 14:55:20,"https://drive.google.com/open?id=11zWB-uEwGfOIoFfgU1hPI5R7GBYgFT8r, https://drive.google.com/open?id=19aLRTVmf7G-WhPqY9E7mdu1Uir_s0I5z, https://drive.google.com/open?id=1ws0MW3epRDF3CQb9z7SgglcbyufxK-gV, https://drive.google.com/open?id=1hgD096_FT2M1ppPtikYDELn1qsWCbVwk, https://drive.google.com/open?id=1Co_OCVj8GOFedKKLjTPpAdfcLqAYfeOx",3,"männlich, weiblich",35 - 60,"keine Einschränkungen, laktosefrei","Ich bin damit einverstanden, dass meine hochgeladenen Fotos und Angaben für oben genannte Zwecke verwendet werden.",
22.11.2025 15:46:35,"https://drive.google.com/open?id=12suQ4lNU8yvZSjZ30yPB47YfujzO8Xxn, https://drive.google.com/open?id=1CS6VnteOdNi1CXurGOmWRaRHmk-GaYT6",1,männlich,18 - 25,keine Einschränkungen,"Ich bin damit einverstanden, dass meine hochgeladenen Fotos und Angaben für oben genannte Zwecke verwendet werden.",
22.11.2025 17:14:51,"https://drive.google.com/open?id=1Ucb1B_VrcsMnii7s0SOAy9vZxhiXidHB, https://drive.google.com/open?id=1d9nRVOtO-HALs7pCbm6Lo9bkU5hhNT_i, https://drive.google.com/open?id=1xNPrP1OTRvsPh8uNZesy6RjTnI-unmqY, https://drive.google.com/open?id=11wEOWt-dkhmliVkAuOHuxG02bOSUVO33, https://drive.google.com/open?id=1tCniplMGPvDi7QYffAQt3Xep8Yd0Se_z, https://drive.google.com/open?id=1bSjanfOWbyQI4k6V9-p7HKC9XB-Ax5Xu, https://drive.google.com/open?id=1x70e5BDpMy4vn3jxpGp7oeoe3AtCdIL0, https://drive.google.com/open?id=1366rpSUdVDQ8mLmRoQqCg5j7NeeKHjeY, https://drive.google.com/open?id=1lIDcg26bGDKT4wSH3Y6iVTahC4ZkNAcB, https://drive.google.com/open?id=1msEHou7Z5vQSC-N6btv1d52FcUdDZTMy",1,männlich,18 - 25,"vegetarisch, vegan, laktosefrei","Ich bin damit einverstanden, dass meine hochgeladenen Fotos und Angaben für oben genannte Zwecke verwendet werden.",
23.11.2025 12:58:01,"https://drive.google.com/open?id=13aeimhAZWBi7STJtRToOzPcNGV_lOAdx, https://drive.google.com/open?id=1W5JQedQhCnRFQxDdfOG55bBDO-jKDmsr",5,männlich,18 - 25,vegan,"Ich bin damit einverstanden, dass meine hochgeladenen Fotos und Angaben für oben genannte Zwecke verwendet werden.",
23.11.2025 16:24:08,"https://drive.google.com/open?id=1zLqVrVFig8L_K83N-d4P6RHDxVxPaRLq, https://drive.google.com/open?id=17LUOOpwe1CmTbgJiybTA3-XwCuIX5xvd",3,weiblich,18 - 25,"keine Einschränkungen, pescetarisch (vegetarisch + Fisch), vegetarisch","Ich bin damit einverstanden, dass meine hochgeladenen Fotos und Angaben für oben genannte Zwecke verwendet werden.",
23.11.2025 17:11:35,"https://drive.google.com/open?id=1tNMLprk35qhbe5VaEXA8qQRabnpfR-pc, https://drive.google.com/open?id=1K-NbCJMyFVdXcuL0JuzDUg7BbMjxnLg5, https://drive.google.com/open?id=1SQOUU5q7mqXvV-QXLErlQk7k03C1s6Mt, https://drive.google.com/open?id=1eyYKxFMy2VtVQ3MI1I0TtPpm2Za_jZ28, https://drive.google.com/open?id=1PL5ZRAqSWfGsEZ8Tsoh-C11N71N2l9HD, https://drive.google.com/open?id=1k8j7wFdFgnFDqt5oZKlRTv_6YugqE3h9, https://drive.google.com/open?id=1B3SkC2TWdeMDbPtHVl7ji3ioCmxq-nPG",3,weiblich,35 - 60,keine Einschränkungen,"Ich bin damit einverstanden, dass meine hochgeladenen Fotos und Angaben für oben genannte Zwecke verwendet werden.",
24.11.2025 14:27:02,"https://drive.google.com/open?id=1BWPCPmNT5wwKJKXL4wvpWAt_VmfH5fKC, https://drive.google.com/open?id=1Zzn8jFcK8sbpIyP9GAUdxBHb3nEoATO0, https://drive.google.com/open?id=1L0N7zCZoARIMFFQDxayTcqd3VoLCF3jA, https://drive.google.com/open?id=1_vXNNbKrwGjXMvUJ0jMvUdTA4dgPYUQg, https://drive.google.com/open?id=1Sq5iJ6o3fklKW-oksZXt3l41eaN6J-4O, https://drive.google.com/open?id=114KKzWzMuq5NO2vI11zUyqufOaxhsyXZ, https://drive.google.com/open?id=1DIJ_jiujwbknGL9w3jA5RI5xHIqou_qR",3,weiblich,35 - 60,"keine Einschränkungen, vegetarisch","Ich bin damit einverstanden, dass meine hochgeladenen Fotos und Angaben für oben genannte Zwecke verwendet werden.",
24.11.2025 18:25:39,"https://drive.google.com/open?id=1avyl2YwzDPg4v9KI7wzMVX7x4dbJ0cRw, https://drive.google.com/open?id=1M7tyog3oMUMbKCu4d0lbl1mbUwex3myU",2,männlich,18 - 25,"keine Einschränkungen, vegetarisch","Ich bin damit einverstanden, dass meine hochgeladenen Fotos und Angaben für oben genannte Zwecke verwendet werden.",
24.11.2025 18:26:28,"https://drive.google.com/open?id=1yEBqudm7eSoDfhC9Sw24HVYvpJPfIPrl, https://drive.google.com/open?id=1X4AYMX7dF8osdHCILQ-TjbQ-MIqAUTt1, https://drive.google.com/open?id=1uw00Xg05g6tpeIrDsYWOfVtau-yhFCGw, https://drive.google.com/open?id=1biB33MgenuLfTuwJ4dGFr7e-Tna6--cN",2,"männlich, weiblich",18 - 25,"keine Einschränkungen, vegetarisch","Ich bin damit einverstanden, dass meine hochgeladenen Fotos und Angaben für oben genannte Zwecke verwendet werden.",
24.11.2025 19:36:49,"https://drive.google.com/open?id=1CEmufjUKTZhpknhW3uG7BV58de5QfQCP, https://drive.google.com/open?id=1QMMoAu7Tnax4eg9qm84YHSh1uwxQnrh5, https://drive.google.com/open?id=1UFH5CX67iB9BiAWaLDgDDzXWFCaOQFNM",1,weiblich,18 - 25,vegetarisch,"Ich bin damit einverstanden, dass meine hochgeladenen Fotos und Angaben für oben genannte Zwecke verwendet werden.",
25.11.2025 00:09:47,https://drive.google.com/open?id=1ul3zcf8PGJBlP-BFUqcLfoxZGSeNu6ji,2,männlich,18 - 25,pescetarisch (vegetarisch + Fisch),"Ich bin damit einverstanden, dass meine hochgeladenen Fotos und Angaben für oben genannte Zwecke verwendet werden.",
25.11.2025 08:46:54,"https://drive.google.com/open?id=1pUsnsWfvN2H4qI3KHK8bsTORNK5dRPrq, https://drive.google.com/open?id=1_wIWvMy0Z3TvK43fVnjDT-bfGgLiR2ZZ, https://drive.google.com/open?id=19QZ6AjFP3FXo0V-QMIoNgzWx73W6_A8I, https://drive.google.com/open?id=1jhHaqtyhCncbRc86kHx2hxzBD62gyo_p",4,"männlich, weiblich",18 - 25,"keine Einschränkungen, vegetarisch","Ich bin damit einverstanden, dass meine hochgeladenen Fotos und Angaben für oben genannte Zwecke verwendet werden.",
25.11.2025 10:14:47,"https://drive.google.com/open?id=1RB9mpCCgYMmQGYPgAnzLhf-cFuKSrDV3, https://drive.google.com/open?id=1cE683MI2sut-78WsNWCiC6eUigxBD13x, https://drive.google.com/open?id=1b1_ie4LRculnM8hPwir2aAmkBaO_9EXr",1,weiblich,über 60,keine Einschränkungen,"Ich bin damit einverstanden, dass meine hochgeladenen Fotos und Angaben für oben genannte Zwecke verwendet werden.",
25.11.2025 18:05:06,"https://drive.google.com/open?id=1VLB3sl3sxJntfmi9DBnJc1EvA-S5iXoD, https://drive.google.com/open?id=1R5cYnfQqxXTRHT3O3C3fQiBWMvrDuxUL, https://drive.google.com/open?id=1NgX2HG-51fvJ6FGCTSz2Pi78IcDFOgbW, https://drive.google.com/open?id=13BunnoZHoGjMHjx9QwADzHXNKmJ99XcQ, https://drive.google.com/open?id=1YMvg4lTdxnaudrBTbL-RdYP86y0kZsaW, https://drive.google.com/open?id=1KOzNL1n7SlU9Q790WzJVtDDjsgJQ5AXF",2,männlich,18 - 25,keine Einschränkungen,"Ich bin damit einverstanden, dass meine hochgeladenen Fotos und Angaben für oben genannte Zwecke verwendet werden.",
26.11.2025 06:25:06,"https://drive.google.com/open?id=1cCrX_4nePvzk3AV1eM5taEWvQzcG7A1U, https://drive.google.com/open?id=1dK0mqUsKc-NhQ9wf45UXYK_kxpJw2CH4, https://drive.google.com/open?id=1XM89aege38uAroNmBzbkSSQMGUQS-yMs, https://drive.google.com/open?id=1fbacKoodCDmPeRQe1jeqSWK0prePCQDE, https://drive.google.com/open?id=1-BqqbQMWUk3PiYPN5FlsywW-pzL9zqkO, https://drive.google.com/open?id=1LV2T9MThpYswMSnLjvF_ALANK_4qDjc5, https://drive.google.com/open?id=1UzL1IehF6YqeDOsTx2v163GQTjRQBsJh",3,weiblich,35 - 60,"keine Einschränkungen, vegetarisch","Ich bin damit einverstanden, dass meine hochgeladenen Fotos und Angaben für oben genannte Zwecke verwendet werden.",
26.11.2025 15:33:45,"https://drive.google.com/open?id=1YHifhpc4sF4BceHt_1Qcz95LMG2UU2-X, https://drive.google.com/open?id=1UbZvyPX65VUuqSxEGFhiHSaqbhcoiMr0",1,männlich,18 - 25,vegetarisch,"Ich bin damit einverstanden, dass meine hochgeladenen Fotos und Angaben für oben genannte Zwecke verwendet werden.",
27.11.2025 00:50:52,"https://drive.google.com/open?id=1P_yinDnQlt-JmqT3WXvfvUBOMIYRgHmX, https://drive.google.com/open?id=1LHGVHar0MHy5K_5nZQi-gJ3DCl69r1sJ, https://drive.google.com/open?id=1Zq_C5o_FDBIKoIwx42EBDXFTdIcH46Nf, https://drive.google.com/open?id=13gYeJnMipgrU4xKGZECtadIHXyHupZ2K, https://drive.google.com/open?id=1x7as2Sf2sD1ZZzAtEITAJLQx5owaT0BQ, https://drive.google.com/open?id=1uhvLVbnFcUY2eCYjFMd-RBVDH-sVTUxJ, https://drive.google.com/open?id=16TzD5zXQg5Iwt3klb6pa31_ZFVmPVXWa, https://drive.google.com/open?id=1zkAJe2ChcGOIjxwuBRX0iSLJAjY7ib4v, https://drive.google.com/open?id=1XOtwBZ5OEJbZj0gWrj_f7a832GufIxrb",2,"männlich, weiblich",18 - 25,"keine Einschränkungen, vegetarisch","Ich bin damit einverstanden, dass meine hochgeladenen Fotos und Angaben für oben genannte Zwecke verwendet werden.",
27.11.2025 18:59:50,"https://drive.google.com/open?id=129xkx74fE53g0_tH15WDb4REXQlXP7Px, https://drive.google.com/open?id=1eKyRyhZYL8rjVIuKlOsQFESyjMuqCFo_, https://drive.google.com/open?id=1e-w2UEM_CJ9kCABm7Zxh3-A_zNDpzukn, https://drive.google.com/open?id=1BixBhE7wPq-_72-HeiHPYTPSm2PgybVZ, https://drive.google.com/open?id=1KbO9ZvaFp_xAS6EW727Vlt3r_EIEJgG9, https://drive.google.com/open?id=1gETCQiRyE2CmrHEvy9kZ8OBHAfc60kFS",3,weiblich,35 - 60,"keine Einschränkungen, vegetarisch","Ich bin damit einverstanden, dass meine hochgeladenen Fotos und Angaben für oben genannte Zwecke verwendet werden.",
28.11.2025 07:08:09,"https://drive.google.com/open?id=1VSgFqxY5s-Xr9sv6Xqhb5PtjzigCEwvC, https://drive.google.com/open?id=1rHAdu1Np_hOOqcFJH2AUJ0zguD111l3S, https://drive.google.com/open?id=135pEgpXIdlKVHXerswJ-DR8JEUgjMBYr, https://drive.google.com/open?id=1EGzKIAoibhyW0LbR6HFdBWN6j9_GUebH, https://drive.google.com/open?id=1THiZjzQNRcQhXaRtFuE9taUttZsMJgFl, https://drive.google.com/open?id=1SBIhk7JONE31v0J6056W9exocgsVrrKI, https://drive.google.com/open?id=1DJ_j-oVP4Z_ezZNuPQ-GLYYYfT39fpWf",3,weiblich,35 - 60,"keine Einschränkungen, vegetarisch","Ich bin damit einverstanden, dass meine hochgeladenen Fotos und Angaben für oben genannte Zwecke verwendet werden.",
01.12.2025 12:34:20,"https://drive.google.com/open?id=1TRNtcRBJI_ve-37fQAtddJ5GE5ZDrQwI, https://drive.google.com/open?id=174EyFEvSK5MKfJOjTZ2fjsnpHdaxEtp7, https://drive.google.com/open?id=1D1ZM1x4MNaQRspXukMC74YqZOMsL4LmZ, https://drive.google.com/open?id=1WriGQEm5EvqKLtTiFTmGwyiyG9O64IVt, https://drive.google.com/open?id=1V45pqZPt5DbodXbxWCO1RUs5qi0kC6MZ, https://drive.google.com/open?id=1dKavnG9-Fd3RcEfwTuir_djvHuUnRZFJ, https://drive.google.com/open?id=1Mtb2Pyj_CaiSMG4UmMjAj6zPLp_J3_7F",3,weiblich,35 - 60,"keine Einschränkungen, vegetarisch","Ich bin damit einverstanden, dass meine hochgeladenen Fotos und Angaben für oben genannte Zwecke verwendet werden.",
04.12.2025 07:26:04,"https://drive.google.com/open?id=1EOivR61eFYccq-LujfZq3n0eNcdGXVHD, https://drive.google.com/open?id=19XLaTO-EO1Aq1R6k-I28Jbzj3Hz-AUpN, https://drive.google.com/open?id=1yFECrMChZlWrUmBigGRqXCnBFHLOaMb5, https://drive.google.com/open?id=13sD1URwKyDgdDpnhM7ak_XzZjbUpdWw7, https://drive.google.com/open?id=1XbN_7HBx2_9pf5lbEJZwyVzZj0Uvnqqv, https://drive.google.com/open?id=10rLACX0P8y92LJctHvJJdZ7iZMT3sVUd, https://drive.google.com/open?id=1LdOX2Zsdqv7Tkudlucuzi1wz5288hNIA",3,weiblich,35 - 60,"keine Einschränkungen, vegetarisch","Ich bin damit einverstanden, dass meine hochgeladenen Fotos und Angaben für oben genannte Zwecke verwendet werden.",
05.12.2025 06:21:57,"https://drive.google.com/open?id=1480Ona3OI2ey1vbxggItTA_jxnRMyotj, https://drive.google.com/open?id=1WkRSyKx_93ajxr2AhhgUPjv3ynYXBgT0, https://drive.google.com/open?id=1UGes67-W_Oq4Z_3YVB_OjcSL0j1WOFRN, https://drive.google.com/open?id=1XyOJZxIkPzGPAqZcGHJQLi8W3sXYa-v4, https://drive.google.com/open?id=1tWWF2TGzzAJjJq98ky-bM9nLMvPfL_FU, https://drive.google.com/open?id=1SkbcdpXd8rC7hRsHzP6VAJ9RYpyrTGvm",3,weiblich,35 - 60,"keine Einschränkungen, vegetarisch","Ich bin damit einverstanden, dass meine hochgeladenen Fotos und Angaben für oben genannte Zwecke verwendet werden.",
05.12.2025 17:52:32,"https://drive.google.com/open?id=1OR-H62hfHekNIwcZdi8hCiG0k3KcpCLI, https://drive.google.com/open?id=1MYobPSGu11rYxn_afpPSxEScfwLMTzag, https://drive.google.com/open?id=1lhkiTU8jXnJfm0kRwlJCiRXlBLuefj91, https://drive.google.com/open?id=15SSzMMcGtReCdqCMquTUJQNY5ZAdHVUJ, https://drive.google.com/open?id=1wlNzWpRWK7YWu5Ks1JVMa_wmr5zZC488",4,weiblich,18 - 25,"keine Einschränkungen, vegetarisch","Ich bin damit einverstanden, dass meine hochgeladenen Fotos und Angaben für oben genannte Zwecke verwendet werden.",
08.12.2025 12:18:50,https://drive.google.com/open?id=1YRJz8BlWbDSILIXXmuPrL2Www2HIgeog,2,"männlich, weiblich",18 - 25,vegetarisch,"Ich bin damit einverstanden, dass meine hochgeladenen Fotos und Angaben für oben genannte Zwecke verwendet werden.",
09.12.2025 07:11:20,"https://drive.google.com/open?id=1ovRjbXBnvXn1PxZI_HiUO3so85RrVSTn, https://drive.google.com/open?id=1i44YlYVSNTNBvlGg8SNmptshbsYv2lR8, https://drive.google.com/open?id=1Tl02tvl3y8GPFAiiltRkItQYw9oTQOP3, https://drive.google.com/open?id=1AruN40LrZMYs_ttBqwZwyT54L8U3nDVm, https://drive.google.com/open?id=1g_YuAXoc1ziBf6vMuNPVtHTr7psS-PbJ, https://drive.google.com/open?id=1ZGsks8xmU5_JN70pmzfeqQFApbW-PEie",3,weiblich,35 - 60,"keine Einschränkungen, vegetarisch","Ich bin damit einverstanden, dass meine hochgeladenen Fotos und Angaben für oben genannte Zwecke verwendet werden.",
15.12.2025 06:24:49,"https://drive.google.com/open?id=1x5HjtzxjDcALUV8Pu6MLMurdOMXz25Ag, https://drive.google.com/open?id=1wkrCk9A8GDql59oor3_uOGuZ4JWRk5er, https://drive.google.com/open?id=16GUNyZJ5W3WqxejmuxOyLrscWv_x9iHe, https://drive.google.com/open?id=1mcETyJC_U8BW0D4V7b97xNiLynIo4BHE, https://drive.google.com/open?id=1QRVoHkZEK4tjjM1dLcpfXUu7YTvuKtFU, https://drive.google.com/open?id=1ZoMIcwryvFqTPrGuWdixLBrH-ERlr45x, https://drive.google.com/open?id=1-oGRoYnrVv3_SQMr0BLvzDTN1x7djqaE",3,weiblich,35 - 60,"keine Einschränkungen, vegetarisch","Ich bin damit einverstanden, dass meine hochgeladenen Fotos und Angaben für oben genannte Zwecke verwendet werden.",
21.05.2026 20:06:37,"https://drive.google.com/open?id=1nnK6FyWSnTzH2WJRcvLL_a4-ovJoWh2b, https://drive.google.com/open?id=17JmGWglev2TMH-4rThLDd3fNbUkE1xT9, https://drive.google.com/open?id=1BeyZmwOkxVxj6-3TR3VV4_YTNphR0Piw, https://drive.google.com/open?id=10gXfv4bct5e9g7rX-HY0EYH-IPluEkci",1,männlich,18 - 25,vegetarisch,"Ich bin damit einverstanden, dass meine hochgeladenen Fotos und Angaben für oben genannte Zwecke verwendet werden.",WhatsApp Status
22.05.2026 09:32:08,"https://drive.google.com/open?id=1buqwqP9zo47SSCR4jgRw-LH5r5gqRUbt, https://drive.google.com/open?id=1R0pbsGqeRKYrA7UzJWb4QvkC2fh5lQU4, https://drive.google.com/open?id=186I7AcdyoFFB2Q2DN8FXou5vWYQaGmUr",4,weiblich,35 - 60,keine Einschränkungen,"Ich bin damit einverstanden, dass meine hochgeladenen Fotos und Angaben für oben genannte Zwecke verwendet werden.",WhatsApp Status
23.05.2026 12:10:07,"https://drive.google.com/open?id=17F4YemFBKZg5_BggeSmO8ebePzLjIBxu, https://drive.google.com/open?id=1iBDpI8tsFC732pG1ThBrg_20j4TEBlQE, https://drive.google.com/open?id=1fzMvRrFT188VAGdi5OF5tyBhqnO0OiON, https://drive.google.com/open?id=1HHakSO84PwJyFCIxltBJ6852z-pMjuBT, https://drive.google.com/open?id=1vK_WaENpXMP-QwuNLjJY6kFaKciSD6dd, https://drive.google.com/open?id=1BRBN6PSK6SymahvvASlUl6VduEsjaoa2, https://drive.google.com/open?id=12U1UxLjbD1_CfxP9OEkUwJSOQet8bSOA",1,weiblich,18 - 25,vegetarisch,"Ich bin damit einverstanden, dass meine hochgeladenen Fotos und Angaben für oben genannte Zwecke verwendet werden.",WhatsApp Status
23.05.2026 16:55:56,"https://drive.google.com/open?id=1vFqIIDZOaww25MevsYhn33_C1wUacXXV, https://drive.google.com/open?id=1dG_F-DhzqspY0eNekL_p5123IS65oIgu, https://drive.google.com/open?id=1BnaF_L6Nq33x-hrZVNVASyk7Y7XdcOuf, https://drive.google.com/open?id=121R8ji_Zr3JVzdimCN8pAUiHS8TcUk4Z, https://drive.google.com/open?id=1H2avOePgiU1fFQtfUYlUR3kQnJOlapEF, https://drive.google.com/open?id=1MS1qfYIrgKxWXWITpDoY2MBPmnYt2twx, https://drive.google.com/open?id=1HfRxxvO9tLGsYxVJj2LyyUY7s51BvqBS",2,weiblich,25 - 35,"keine Einschränkungen, laktosefrei","Ich bin damit einverstanden, dass meine hochgeladenen Fotos und Angaben für oben genannte Zwecke verwendet werden.",Reddit
25.05.2026 12:58:58,"https://drive.google.com/open?id=12qmI_xp1F1QJqTQik58XzM6e2AYx9L-K, https://drive.google.com/open?id=1hDXdQ9DDDLnHSm9T_GAD-ws8-4ppnrqk, https://drive.google.com/open?id=1nXW8yhxUKA6hfS1VYO8AQ78LVx9x41NV, https://drive.google.com/open?id=1862zvAUHftTj4B_UOGp8Z0MPSbs4wu_s",2,männlich,über 60,keine Einschränkungen,"Ich bin damit einverstanden, dass meine hochgeladenen Fotos und Angaben für oben genannte Zwecke verwendet werden.",Sonstiges
27.05.2026 09:40:53,https://drive.google.com/open?id=17ovDBRpQefp4G7ccfEWB_jHHRxhLPXkS,2,männlich,18 - 25,,"Ich bin damit einverstanden, dass meine hochgeladenen Fotos und Angaben für oben genannte Zwecke verwendet werden.",Sonstiges
28.05.2026 22:14:49,"https://drive.google.com/open?id=13HDva84_KVN20e1_lDHmU5slRU9VEZe7, https://drive.google.com/open?id=1I6rDxSDuZ8QNlVQteDG1SShqAFynd-oo, https://drive.google.com/open?id=1VesWw6zV4uZ86hWfpUS4CuVExIe9EKNu, https://drive.google.com/open?id=1Rv9ooo0ULxVjnzqsBpPlhFANcnR6eRT4, https://drive.google.com/open?id=1laXqXre0rFOROAXZ4bVjigPTYgQRXfpi, https://drive.google.com/open?id=1sFcLMbx3fXoSRrOlEG1nU4WCjSrignWs, https://drive.google.com/open?id=1-RD4kwMY4qOinxLLpJmzAN3EO5UiCf-U",5,"männlich, weiblich",18 - 25,keine Einschränkungen,"Ich bin damit einverstanden, dass meine hochgeladenen Fotos und Angaben für oben genannte Zwecke verwendet werden.",Technikforum
29.05.2026 20:34:37,"https://drive.google.com/open?id=1EyX6wsNsVWQdYDtQYDDmkqK65rbrlXck, https://drive.google.com/open?id=1CFjkZM7J8iX1Zlcw-oJp45g5AsKqgJMn, https://drive.google.com/open?id=1uXPNRqlVtyKCJ2k9iS2dh2pk_VfI8v_N",1,männlich,18 - 25,vegetarisch,"Ich bin damit einverstanden, dass meine hochgeladenen Fotos und Angaben für oben genannte Zwecke verwendet werden.",Sonstiges
12.06.2026 19:52:47,"https://drive.google.com/open?id=1tCECW8DE-oRPuiFJg59MkLtHJyID-KOE, https://drive.google.com/open?id=1kGczR1q9sdLGlY_ddVvemdIV7lzblvi5, https://drive.google.com/open?id=1PdRnliuMzxYDgrGT_7T3V0pl2CzbzRp0",3,männlich,35 - 60,keine Einschränkungen,"Ich bin damit einverstanden, dass meine hochgeladenen Fotos und Angaben für oben genannte Zwecke verwendet werden.",WhatsApp Nachricht
12.06.2026 20:37:48,"https://drive.google.com/open?id=1HjyOBd5ZXm_f7x6dL6b25RhfPqTa5__H, https://drive.google.com/open?id=15YmYAS3JEXRV9roC7V2Z64IQumectJTW, https://drive.google.com/open?id=1VQ3bL3SibldtYiJ3RRLBYvDWrtNNk7-Y, https://drive.google.com/open?id=1vqVOlHs8lk-luYHkSgFkvtIPPNDPgz7_, https://drive.google.com/open?id=1h7SmDfK1Rduj5_SU1W5UA4he7GMQ_l0r",1,weiblich,18 - 25,vegetarisch,"Ich bin damit einverstanden, dass meine hochgeladenen Fotos und Angaben für oben genannte Zwecke verwendet werden.",Sonstiges
14.06.2026 10:10:55,"https://drive.google.com/open?id=1e_IfXf_yW74pINTWEd6LpkImyM5I-Lhr, https://drive.google.com/open?id=1LcU2ShKQP2tdlDVQ8myA6KR-TjbWaQID, https://drive.google.com/open?id=1Uyw3JmUz9xwCoQ_9gHGYBkATa9odHt2Y",1,weiblich,25 - 35,vegetarisch,"Ich bin damit einverstanden, dass meine hochgeladenen Fotos und Angaben für oben genannte Zwecke verwendet werden.",WhatsApp Nachricht
14.06.2026 15:16:30,"https://drive.google.com/open?id=19_UkFbxBVSyGPHaCXbyJ4B-5GS7nlOxx, https://drive.google.com/open?id=1fpeIxy_EzIXpC-b7pR-grMYBusFvT5Mp, https://drive.google.com/open?id=1CroPd_PtlYKY2Y9OE27tYfKY8JHdCE_m",2,männlich,18 - 25,keine Einschränkungen,"Ich bin damit einverstanden, dass meine hochgeladenen Fotos und Angaben für oben genannte Zwecke verwendet werden.",
14.06.2026 15:21:25,"https://drive.google.com/open?id=1WJ6gu3v4o8ADhfPtQ5_r4dynunMjEUnT, https://drive.google.com/open?id=11DlquXl9lcSb1FAf4_8Zb4SHuzbyz2jw, https://drive.google.com/open?id=1EwmYv_zyVA4rwQQc7_JsIAKqMHPTMuy7, https://drive.google.com/open?id=1Qaufa8UqgxxzGrHSzIvqbryf3__lpOkE, https://drive.google.com/open?id=1wYu4bfmoWQWR_yfSNqBy9wEJGY6ljhZC, https://drive.google.com/open?id=1z8DLPT6h2ULazm3_qPgbmVkMqt2Upw0N",2,"männlich, weiblich",über 60,keine Einschränkungen,"Ich bin damit einverstanden, dass meine hochgeladenen Fotos und Angaben für oben genannte Zwecke verwendet werden.",WhatsApp Status
14.06.2026 21:26:34,"https://drive.google.com/open?id=1Z12I3M0-lkOHujiq0_SzdFk6xjsJyQ7Q, https://drive.google.com/open?id=1rCm7qkjjhu7dOFGNADCYe-EBTi4wtzHY, https://drive.google.com/open?id=1axtUNaB_sw9Sg8IDPznOskdSea5-5e1X, https://drive.google.com/open?id=1f9nW_YWxsp7ixqcF2jpHwMzvnFNMvDHw, https://drive.google.com/open?id=1-VUwdK2Iwlh6T_Fj-KlEZz0_CXowBcHg",3,"männlich, weiblich","18 - 25, 35 - 60","keine Einschränkungen, laktosefrei","Ich bin damit einverstanden, dass meine hochgeladenen Fotos und Angaben für oben genannte Zwecke verwendet werden.",WhatsApp Nachricht
15.06.2026 12:14:45,"https://drive.google.com/open?id=13WrLeEk6I1v31tKzzN91lxYFQ-akRDiw, https://drive.google.com/open?id=1Wr0VJkVEI1G4YvwbNwEeznjEolELVPkJ, https://drive.google.com/open?id=1S4lBrJFR03tK3S2nkvFTlo3CCGeJ9baZ, https://drive.google.com/open?id=1Nx4CxJSEGm_T_McVqBfs9ZLblCuzVyKX",1,weiblich,18 - 25,"vegetarisch, vegan","Ich bin damit einverstanden, dass meine hochgeladenen Fotos und Angaben für oben genannte Zwecke verwendet werden.",WhatsApp Nachricht